{
  "rate_ctrl": 0.12039301824430601,
  "rate_trt": 0.11869785747942016,
  "n_ctrl": 144319,
  "n_trt": 144316,
  "conv_ctrl": 17375,
  "conv_trt": 17130,
  "z_stat": -1.4035742794239752,
  "p_value": 0.16044565865244198,
  "cohens_h": -0.005225086044022054,
  "power": 0.28935978891540015,
  "ci_ctrl": [
    0.11872418913502106,
    0.12208205544502987
  ],
  "ci_trt": [
    0.11703931189130543,
    0.12037670182152366
  ]
}